{
  "rover_id": "main_v01",
  "condition_id": "slope_5deg",
  "distance_m": 3.3432026689925225,
  "mean_speed_mps": 0.5144971789770355,
  "mean_slip": 1.0151736480837799,
  "max_slip": 85.49978363545242,
  "mean_wheel_torque_nm": 0.03189392523221601,
  "peak_wheel_torque_nm": 0.18436770099249083,
  "energy_j": 10.113494024242828,
  "mean_pitch_deg": 5.018258804339496,
  "mean_roll_deg": 0.010961132672781114,
  "final_pitch_deg": -5.002876900753132,
  "final_roll_deg": 0.010504095850538102,
  "max_contact_count": 24,
  "completed": true,
  "wall_time_s": 2.8286050999995496
}