{
  "rover_id": "scout_v01",
  "condition_id": "obstacle_high",
  "distance_m": 1.0665025603845848,
  "mean_speed_mps": 0.16412781784928682,
  "mean_slip": 0.5455348803997779,
  "max_slip": 3.379515259839813,
  "mean_wheel_torque_nm": 0.05261559341500227,
  "peak_wheel_torque_nm": 0.17312831667544884,
  "energy_j": 15.676781106450655,
  "mean_pitch_deg": 0.2694272508205093,
  "mean_roll_deg": 0.031645198585200686,
  "final_pitch_deg": -0.061314299691342035,
  "final_roll_deg": -0.011769843455034866,
  "max_contact_count": 26,
  "completed": true,
  "wall_time_s": 4.136845199998788
}